<?xml version="1.0" encoding="UTF-8"?>
<!DOCTYPE mapper PUBLIC "-//mybatis.org//DTD Mapper 3.0//EN" "http://mybatis.org/dtd/mybatis-3-mapper.dtd">

<mapper namespace="cn.wyz.wyzmall.order.dao.MqMessageDao">

	<!-- 可根据自己的需求，是否要使用 -->
    <resultMap type="cn.wyz.wyzmall.order.entity.MqMessageEntity" id="mqMessageMap">
        <result property="messageId" column="message_id"/>
        <result property="content" column="content"/>
        <result property="toExchange" column="to_exchange"/>
        <result property="classType" column="class_type"/>
        <result property="messageStatus" column="message_status"/>
        <result property="createTime" column="create_time"/>
        <result property="updateTime" column="update_time"/>
    </resultMap>


</mapper>